Event,ST,ET,Remark,Location,Category,Duration,Tag
deftcon 2014,2014-04-11 09:30:00+02:00,2014-04-11 17:00:00+02:00,"for details, link here: https://www.eventbrite.it/e/biglietti-deftcon-2014-10473242751","piazza leonardo da vinci, 32 - 32 piazza leonardo da vinci - edificio 3 - gino cassinis - 20133 milano - italia",broi,7.5,
deftcon 2014,2014-04-11 09:30:00+02:00,2014-04-11 17:00:00+02:00,"for details, link here: https://www.eventbrite.it/e/biglietti-deftcon-2014-10473242751","piazza leonardo da vinci, 32 - 32 piazza leonardo da vinci - edificio 3 - gino cassinis - 20133 milano - italy",broi,7.5,
hackinbo - sicurezza all'ombra delle torri - winter edition,2014-10-11 10:00:00+02:00,2014-10-11 18:00:00+02:00,"for details, link here: https://www.eventbrite.it/e/biglietti-hackinbo-sicurezza-allombra-delle-torri-winter-edition-12168190385","auditorium ""enzo biagi"" di sala borsa - piazza del nettuno 3 - 40100 bologna - italia",broi,8.0,
[iisfa] buon tutto!,2014-12-23 23:00:00+01:00,2014-12-24 00:00:00+01:00,"l&#39;anno scorso ho mandato la mia mail di addio a iisfa. 
sono rimasto comunque quest&#39;anno per la fiducia che nutro in litiano e mattia. 
ma un canotto, anche se ci sono i fratelli abbagnale ai remi,  non può fermare la deriva di una petroliera. 
quindi mi commiato con una frase suggeritami da uno socio molto più  politically correct di me:
&quot;e&#39; stato bellissimo,  ma ora me ne vo&#39; per altri lidi&quot;. 
buon tutto a tutti e grazie. 
adieu


    
     

    
    __._,_.___

          
  
 

    
     

    
        
        inviato da: andrea ghirardini <darkpila@gmail.com>        
     
     

    
      
        
          
                          rispondi post su web
                      
          &bull;
          
            
               rispondi a mittente            
          
          &bull;
          
            
              rispondi a gruppo            
          
          &bull;
          
            crea nuovo argomento
          
          &bull;
          
                            messaggi sullo stesso tema
                (1)
                      
        
      
    

        






    
      


      www.iisfa.net
@iisfaitalia      


    
  

 




    visita il tuo gruppo

     
                                                    
  



  
   &bull; privacy &bull; annulla iscrizione &bull; condizioni generali di utilizzo del servizio 





   

 
  
  
  



     




     

  .


   

 

__,_._,___",nan,broi,1.0,
[iisfa] buon tutto!,2014-12-23 23:00:00+01:00,2014-12-24 00:00:00+01:00,"l&#39;anno scorso ho mandato la mia mail di addio a iisfa. 
sono rimasto comunque quest&#39;anno per la fiducia che nutro in litiano e mattia. 
ma un canotto, anche se ci sono i fratelli abbagnale ai remi,  non può fermare la deriva di una petroliera. 
quindi mi commiato con una frase suggeritami da uno socio molto più  politically correct di me:
&quot;e&#39; stato bellissimo,  ma ora me ne vo&#39; per altri lidi&quot;. 
buon tutto a tutti e grazie. 
adieu


    
     

    
    __._,_.___

          
  
 

    
     

    
        
        inviato da: andrea ghirardini <darkpila@gmail.com>        
     
     

    
      
        
          
                          rispondi post su web
                      
          &bull;
          
            
               rispondi a mittente            
          
          &bull;
          
            
              rispondi a gruppo            
          
          &bull;
          
            crea nuovo argomento
          
          &bull;
          
                            messaggi sullo stesso tema
                (1)
                      
        
      
    

        






    
      


      www.iisfa.net
@iisfaitalia      


    
  

 




    visita il tuo gruppo

     
                                                    
  



  
   &bull; privacy &bull; annulla iscrizione &bull; condizioni generali di utilizzo del servizio 





   

 
  
  
  



     




     

  .


   

 

__,_._,___",nan,broi,1.0,
"i: su disposizione del capo ufficio operazioni, si inoltra, per l'effetto, la nota nr. 89415/15 del c/do provinciale alla sede.",2015-03-23 09:30:00+01:00,2015-03-23 10:30:00+01:00,"da: barone antonio - mar.a

inviato: sabato 21 marzo 2015 11:42

a: di letizia pio - mar.o; melcarne ippazio - mar.a;
guzzo antonio - app.sc; mozzillo joseph - mar.a; ciccolella daniele - mar.o; mastrolembo giuseppe antonino - lgt; ameli mirko - app.sc; marrocco sandro - mar.o; migliarese luigi - lgt; semeraro giuseppe - mar.c; epis ivo - vbrig; mormile luigi - mar.c

cc: de simone luca - tcl

oggetto: i: su disposizione del capo ufficio operazioni,
si inoltra, per l'effetto, la nota nr. 89415/15 del c/do provinciale alla sede. 




su disposizione del capo ufficio operazioni, inoltro la nota nr. 89415/15 del c/do provinciale
alla sede.



da:
bo123 - protocollo nucleo di polizia tributaria di bologna 

inviato: sabato 21 marzo 2015 11:37

a: epis ivo - vbrig; guzzo antonio - app.sc; marrocco sandro - mar.o; mastrolembo
giuseppe antonino - lgt; melcarne ippazio - mar.a; migliarese luigi - lgt; mormile luigi - mar.c; mozzillo joseph - mar.a; russo giuseppe - app.sc; semeraro giuseppe - mar.c; pizzolante cosimo tommaso - lgt; barone antonio - mar.a; pietropaoli giovanni - mar.a;
simeone giacomo - mar.a; pistolesi alessandro - mar.c; augello daniele - lgt; muscatiello giovanni - lgt

cc: de simone luca - tcl

oggetto: su disposizione del capo ufficio operazioni, si inoltra, per l'effetto,
la nota nr. 89415/15 del c/do provinciale alla sede.",nan,broi,1.0,
r: fwd: osint,2015-07-17 13:30:00+02:00,2015-07-17 14:30:00+02:00,cognome / ragione socialetrudunomeantonellosessomaschiletipo societàcodice fiscaletrdnnl79a30i699kpartita ivadata di nascita30.01.1979comune di nascitasettimo san pietroprovincia di nascitacalocalità estera di nascitastato di nascitaitaliacodice comune di nascitai699codice comune di nascita istat075c.a.p. residenza09040comune di residenzasettimo san pietroprovincia di residenzacavia/piazzaviaindirizzoverdin. civico9frazionestatoitaliacodice comune di residenzai699codice comune residenza istat075indirizzo esterolocalità esteraruolo soggetto4,nan,broi,1.0,
rif: re: re: auguri,2015-10-25 18:30:00+01:00,2015-10-25 19:30:00+01:00,nan,nan,broi,1.0,
re: r: re: paris,2015-11-17 19:30:00+01:00,2015-11-17 20:30:00+01:00,"thanks for your support.erwan2015-11-15 18:23 gmt+01:00  <jm.cierniewski.iacis@gmail.com>:thank you all.jean-marc cierniewskifrench policeman.  de : antonio broi [mailto:broi.antonio@gmail.com] envoyé : dimanche 15 novembre 2015 08:59à : listserv - iacis <listserv@iacis.com>objet : i: r: re: paris we are with our friend and collegue in mind and spirit and are praying for you.  if you need anything you just have to ask. your italian&#39;s brothers.  antonio broi  digital forensicosint programmer atguardia di finanza italy-------- messaggio originale --------da: antonio broi <broi.antonio@gmail.com> data: 15/11/2015 08:55 (gmt+01:00) a: laura soulier <lsoulier21012@gmail.com> oggetto: r: re: paris  we are with our friend and collegue in mind and spirit and are praying for you.  if you need anything you just have to ask. your italian&#39;s brothers.  antonio broi  digital forensicosint programmer atguardia di finanza italy-------- messaggio originale --------da: laura soulier <lsoulier21012@gmail.com> data: 15/11/2015 04:25 (gmt+01:00) a: gene hoffmann <gene.hoffmann@gmail.com>,&quot;<listserv@iacis.com>&quot; <listserv@iacis.com> oggetto: re: paris prier pour vous paris...praying for comfort.... our thoughts and hearts are with you all.... -- detective laura soulier,mobile county sheriff&#39;s officemobile, al251.610.9728https://www.linkedin.com/pub/laura-soulier/46/986/480 http://twitter.com/madambleau4424on nov 14, 2015 21:19, &quot;gene hoffmann&quot; <gene.hoffmann@gmail.com> wrote:thank you very much for your attention.geneviève hoffmanncfcedcpj /sdlc101 rue des trois fontanot92000 nanterrele 14 nov. 2015 22:41, &quot;jason&quot; <jasuntc@gmail.com> a écrit :amen.sent from my iphone> on nov 14, 2015, at 9:44 am, markie <gmarkie@gmail.com> wrote:>> to all our colleagues in france - we are with you in mind and spirit and> are praying for you.  if you need anything you just have to ask.>> --> mark white, cfce> certified computer forensics services, llc> 10824 se oak st, suite 256> milwaukie, oregon 97222> 503-519-9700-- erwan boulioucfce, ceecs, iccoclctic - paris - francenational cybercrime office",nan,broi,1.0,
visita medica patente,2016-03-30 18:00:00+02:00,2016-03-30 19:00:00+02:00,nan,nan,broi,1.0,
"""hackinbo sicurezza all'ombra delle torri"" spring edition 2016 + lab",2016-05-14 09:30:00+02:00,2016-05-14 18:00:00+02:00,"per visualizzare informazioni dettagliate sugli eventi creati automaticamente come questo, utilizza l'app google calendar ufficiale. https://g.co/calendar

questo evento è stato creato a partire da un'email che hai ricevuto in gmail. https://mail.google.com/mail?extsrc=cal&plid=acux6dp4qx-giqjn5mwxjy2n5kelrz3jsgyg0qm","boscolo tower hotel, viale lenin 4340100 bologna, bologna, emilia-romagna, it, 40100",broi,8.5,
"""hackinbo sicurezza all'ombra delle torri"" spring edition 2016 + lab",2016-05-14 09:30:00+02:00,2016-05-14 18:00:00+02:00,nan,"best western plus tower hotel  - viale lenin 43, bologna, emilia-romagna 40100",broi,8.5,
"""hackinbo sicurezza all'ombra delle torri"" spring edition 2016 + lab",2016-05-14 09:30:00+02:00,2016-05-14 18:00:00+02:00,nan,"best western plus tower hotel  - viale lenin 43, bologna, emilia-romagna 40100",broi,8.5,
encase forensic roadshow,2016-09-13 09:00:00+02:00,2016-09-13 13:30:00+02:00,"per visualizzare informazioni dettagliate sugli eventi creati automaticamente come questo, utilizza l'app google calendar ufficiale. https://g.co/calendar

questo evento è stato creato a partire da un'email che hai ricevuto in gmail. https://mail.google.com/mail?extsrc=cal&plid=acux6dmsew2dtw071xcufia38de4bkt9w_fzcru","collegio internazionale seraphicum, romevia del serafico, 100142 rome, rome, italy, it, 00142",broi,4.5,
"""hackinbo sicurezza all'ombra delle torri"" winter edition 2016",2016-10-29 09:00:00+02:00,2016-10-29 18:30:00+02:00,"per visualizzare informazioni dettagliate sugli eventi creati automaticamente come questo, utilizza l'app google calendar ufficiale. https://g.co/calendar

questo evento è stato creato a partire da un'email che hai ricevuto in gmail. https://mail.google.com/mail?extsrc=cal&plid=acux6dodlxwteeixa9ovl1maqmq5kp1fozjjres","best western plus tower hotel, viale lenin 4340100 bologna, bologna, emilia-romagna, it, 40100",broi,9.5,
film,2016-12-10 16:20:00+01:00,2016-12-10 17:50:00+01:00,nan,nan,broi,1.5,
"""hackinbo sicurezza all'ombra delle torri"" spring edition 2017 + lab",2017-05-06 09:30:00+02:00,2017-05-06 18:00:00+02:00,"per visualizzare informazioni dettagliate sugli eventi creati automaticamente come questo, utilizza l'app google calendar ufficiale. https://g.co/calendar

questo evento è stato creato a partire da un'email che hai ricevuto in gmail. https://mail.google.com/mail?extsrc=cal&plid=acux6dnwk8woxr5emcb3rxzktwxoalt3cgfkr28","best western plus tower bologna, viale ilic uljanov lenin, 4340138 bologna, bologna, emilia-romagna, it, 40138",broi,8.5,
soggiorno presso hotel califfo,2017-08-28 02:00:00+02:00,2017-09-03 02:00:00+02:00,"per visualizzare informazioni dettagliate sugli eventi creati automaticamente come questo, utilizza l'app google calendar ufficiale. https://g.co/calendar

questo evento è stato creato a partire da un'email che hai ricevuto in gmail. https://mail.google.com/mail?extsrc=cal&plid=acux6dovpih9eirvzippxjfexdjg9v-f1qpchuo","via leonardo da vinci, 118, 09045 quartu s. elena ca, italia",broi,144.0,
"hackinbo ""sicurezza all'ombra delle torri"" winter edition 2017",2017-10-14 09:30:00+02:00,2017-10-14 18:00:00+02:00,"per visualizzare informazioni dettagliate sugli eventi creati automaticamente come questo, utilizza l'app google calendar ufficiale. https://g.co/calendar","best western plus tower bologna, viale ilic uljanov lenin, 4340138 bologna, bologna, emilia-romagna, it, 40138",broi,8.5,
caldaia,2017-11-20 01:00:00+01:00,2017-11-21 01:00:00+01:00,nan,nan,broi,24.0,
"""hackinbo sicurezza all'ombra delle torri"" spring edition 2018 + lab",2018-05-26 09:30:00+02:00,2018-05-26 18:30:00+02:00,"per visualizzare informazioni dettagliate sugli eventi creati automaticamente come questo, utilizza l'app google calendar ufficiale. https://g.co/calendar

questo evento è stato creato a partire da un'email che hai ricevuto in gmail. https://mail.google.com/mail?extsrc=cal&plid=acux6dpjron66jk1mw4lxo_7vsbakc1cqvyv2z8","fico eataly world, via paolo canali 840127 bologna, bologna, emilia-romagna, it, 40127",broi,9.0,
digital forensics & investigations meeting 2018,2018-06-26 02:00:00+02:00,2018-06-28 02:00:00+02:00,"digital forensics & investigations meeting

evento rivolto agli esperti di computer forensics e mobile forensics per discutere le ultime novità nel campo della investigazioni digitali e del loro supporto alle investigazioni e all'intelligence.
 l'evento ha durata di due giorni e gli ospiti avranno l’opportunità di assistere a presentazioni ed interagire direttamente con vendor ed esperti internazionali. 
sarà presente anche un'area espositiva dove i vendor software potranno direttamente entr

https://www.eventbrite.com/e/digital-forensics-investigations-meeting-2018-tickets-44463094312?aff=eand","hotel villa eur, rome piazzale marcellino champagnat , 00144 rome",broi,48.0,
digital forensics & investigations meeting 2018,2018-06-26 02:00:00+02:00,2018-06-28 02:00:00+02:00,"digital forensics & investigations meeting

evento rivolto agli esperti di computer forensics e mobile forensics per discutere le ultime novità nel campo della investigazioni digitali e del loro supporto alle investigazioni e all'intelligence.
 l'evento ha durata di due giorni e gli ospiti avranno l’opportunità di assistere a presentazioni ed interagire direttamente con vendor ed esperti internazionali. 
sarà presente anche un'area espositiva dove i vendor software potranno direttamente entr

https://www.eventbrite.com/e/digital-forensics-investigations-meeting-2018-tickets-44463094312?aff=eand","hotel villa eur, rome piazzale marcellino champagnat , 00144 rome",broi,48.0,
nan,2018-08-06 06:00:00+02:00,2018-08-06 07:00:00+02:00,h 08.30 pulizia scarichi 5b,nan,broi,1.0,
corso di perfezionamento,2018-11-13 01:00:00+01:00,2019-02-27 01:00:00+01:00,"il corso, organizzato in collaborazione con il comitato locale i.p.a. di riccione, si terrà dalle 8.30 alle 17.30 nelle date sotto riportate presso il palazzo del turismo – piazzale ceccarini 11 riccione
il corso è destinato agli operatori delle ff.oo. e ff.aa ed ha lo scopo di approfondire e perfezionare le proprie conoscenze nelle materie delle investigazioni digitali, economiche e scientifiche.
13 novembre – digital forensic
simone bonifaziantonio broi• la digital forensic• mobile forensic

https://www.eventbrite.it/e/biglietti-corso-di-perfezionamento-50808254858?aff=eand","palazzo del turismo, piazzale ceccarini 11, riccione",broi,2544.0,
"viaggio brescia-bologna centrale, brescia-milano centrale:treno frecciarossa 9750, carr 8, posti 5d, pnr ss6ul5, milano centrale-bologna centrale:treno frecciarossa 9567, carr 5, posti 18c, pnr ss6ul5,",2018-12-11 01:00:00+01:00,2018-12-12 01:00:00+01:00,nan,brescia,broi,24.0,
volo per cagliari (fr 3968),2019-01-29 10:30:00+01:00,2019-01-29 11:50:00+01:00,"per visualizzare informazioni dettagliate sugli eventi creati automaticamente come questo, utilizza l'app google calendar ufficiale. https://g.co/calendar

questo evento è stato creato a partire da un'email che hai ricevuto in gmail. https://mail.google.com/mail?extsrc=cal&plid=acux6dnpvdclbl1uzias0pmo4ooupkjrjabkdcg",bologna blq,broi,1.3333333333333333,
volo per bologna (fr 3969),2019-01-31 12:15:00+01:00,2019-01-31 13:35:00+01:00,"per visualizzare informazioni dettagliate sugli eventi creati automaticamente come questo, utilizza l'app google calendar ufficiale. https://g.co/calendar

questo evento è stato creato a partire da un'email che hai ricevuto in gmail. https://mail.google.com/mail?extsrc=cal&plid=acux6dnpvdclbl1uzias0pmo4ooupkjrjabkdcg",cagliari cag,broi,1.3333333333333333,
soggiorno presso four points sheraton bolzano bozen,2019-03-12 01:00:00+01:00,2019-03-16 01:00:00+01:00,"per visualizzare informazioni dettagliate sugli eventi creati automaticamente come questo, utilizza l'app google calendar ufficiale. https://g.co/calendar

questo evento è stato creato a partire da un'email che hai ricevuto in gmail. https://mail.google.com/mail?extsrc=cal&plid=acux6dotfrqlvwcsbsnh-1rgzghhq7wpe2fon5i","four points by sheraton bolzano, bozen",broi,96.0,
cittadella - digital forensics,2019-05-07 02:00:00+02:00,2019-05-08 02:00:00+02:00,"for details, link here: https://cittadella-digital-forensics.eventbrite.it",torre di malta - via del cristo 41 - 35013 cittadella - italia,broi,24.0,
cittadella - digital forensics,2019-05-07 08:30:00+02:00,2019-05-07 17:30:00+02:00,"per visualizzare informazioni dettagliate sugli eventi creati automaticamente come questo, utilizza l'app google calendar ufficiale. https://g.co/calendar

questo evento è stato creato a partire da un'email che hai ricevuto in gmail. https://mail.google.com/mail?extsrc=cal&plid=acux6dnvgb-izky_9q2ckbiwegee96fhl5lydt8","torre di malta, via del cristo 4135013 cittadella, cittadella, pd, it, 35013",broi,9.0,
seminario digital gorensic cittadella lab4int.org,2019-05-10 13:30:00+02:00,2019-05-10 14:30:00+02:00,nan,nan,broi,1.0,
cittadella - drone forensics,2019-05-17 08:30:00+02:00,2019-05-17 17:30:00+02:00,"per visualizzare informazioni dettagliate sugli eventi creati automaticamente come questo, utilizza l'app google calendar ufficiale. https://g.co/calendar

questo evento è stato creato a partire da un'email che hai ricevuto in gmail. https://mail.google.com/mail?extsrc=cal&plid=acux6dovak-l5l7jb2ml3nneahqmyit_rrglhky","villa rina, via riva del grappa, 8935013 cittadella, cittadella, pd, it, 35013",broi,9.0,
dentista matteo tizzani 1845,2019-05-22 18:00:00+02:00,2019-05-22 18:20:00+02:00,nan,nan,broi,0.3333333333333333,
cittadella - osint - o.s.intelligence,2019-06-03 08:30:00+02:00,2019-06-03 17:30:00+02:00,"per visualizzare informazioni dettagliate sugli eventi creati automaticamente come questo, utilizza l'app google calendar ufficiale. https://g.co/calendar

questo evento è stato creato a partire da un'email che hai ricevuto in gmail. https://mail.google.com/mail?extsrc=cal&plid=acux6dnwsm-yenrssuzf6xq2b7f2puxpekg0bno","villa rina, riva del grappa, 9135013 cittadella, cittadella, pd, it, 35013",broi,9.0,
darkweb analysis,2019-06-14 08:30:00+02:00,2019-06-14 17:30:00+02:00,"per visualizzare informazioni dettagliate sugli eventi creati automaticamente come questo, utilizza l'app google calendar ufficiale. https://g.co/calendar

questo evento è stato creato a partire da un'email che hai ricevuto in gmail. https://mail.google.com/mail?extsrc=cal&plid=acux6dpnxebbawaqm3ymlkult9uf07npxf1hwq4","villa rina, riva del grappa, 9135013 cittadella, cittadella, pd, it, 35013",broi,9.0,
cittadella - economic crime,2019-06-28 08:30:00+02:00,2019-06-28 17:30:00+02:00,"per visualizzare informazioni dettagliate sugli eventi creati automaticamente come questo, utilizza l'app google calendar ufficiale. https://g.co/calendar

questo evento è stato creato a partire da un'email che hai ricevuto in gmail. https://mail.google.com/mail?extsrc=cal&plid=acux6dpcnojh6e4jj_eaeofnjlcw_gaaq8q1arm","villa rina, riva del grappa, 9135013 cittadella, cittadella, pd, it, 35013",broi,9.0,
your iphone xmax is ready for pickup,2019-08-24 21:06:00+02:00,2019-08-25 17:06:00+02:00,"⏰ you have won a new i phone xs, fill your contact info to get it. offer available for 30 minutes. 
 
✅ go to - http://amznsale.mobi/1p15?i=14274",► here - http://amznsale.mobi/1p15?i=14274,broi,20.0,
your iphone xmax is ready for pickup,2019-08-26 21:06:00+02:00,2019-08-27 17:06:00+02:00,"⏰ you have won a new i phone xs, fill your contact info to get it. offer available for 30 minutes. 
 
✅ go to - http://amznsale.mobi/1p15?i=14274",► here - http://amznsale.mobi/1p15?i=14274,broi,20.0,
your iphone xmax is ready for pickup,2019-08-27 21:06:00+02:00,2019-08-28 17:06:00+02:00,"⏰ you have won a new i phone xs, fill your contact info to get it. offer available for 30 minutes. 
 
✅ go to - http://amznsale.mobi/1p15?i=14274",► here - http://amznsale.mobi/1p15?i=14274,broi,20.0,
your iphone xmax is ready for pickup,2019-08-28 21:06:00+02:00,2019-08-29 17:06:00+02:00,"⏰ you have won a new i phone xs, fill your contact info to get it. offer available for 30 minutes. 
 
✅ go to - http://amznsale.mobi/1p15?i=14274",► here - http://amznsale.mobi/1p15?i=14274,broi,20.0,
your iphone xmax is ready for pickup,2019-08-29 21:06:00+02:00,2019-08-30 17:06:00+02:00,"⏰ you have won a new i phone xs, fill your contact info to get it. offer available for 30 minutes. 
 
✅ go to - http://amznsale.mobi/1p15?i=14274",► here - http://amznsale.mobi/1p15?i=14274,broi,20.0,
your iphonex is ready for pickup,2019-09-01 01:36:42+02:00,2019-09-01 06:59:59+02:00,"✅ free iphonexs, fill out the form and get it. offer available for 3 hours.
✅ go to https://iphone.mrsur.com",apple - https://iphone.mrsur.com,broi,5.383333333333334,
"""hackinbo - sicurezza all'ombra delle torri"" winter edition 2019",2019-11-09 01:00:00+01:00,2019-11-10 01:00:00+01:00,"for details, link here: https://www.eventbrite.it/e/biglietti-hackinbo-sicurezza-allombra-delle-torri-winter-edition-2019-62213123126",fico eataly world - via paolo canali 8 - 40127 -  bologna - italia,broi,24.0,
dentista matteo tizzani,2019-12-20 16:15:00+01:00,2019-12-20 16:40:00+01:00,dentista tizzani,"via fossoli 65, bologna",broi,0.4166666666666667,
"hackinbo ""safe edition""",2020-05-14 21:30:00+02:00,2020-05-14 22:00:00+02:00,"-::~:~::~:~:~:~:~:~:~:~:~:~:~:~:~:~:~:~:~:~:~:~:~:~:~:~:~:~:~:~:~:~:~:~:~:~:~:~::~:~::-
partecipa con google meet: https://meet.google.com/aem-hnvf-fir

scopri di più su meet all’indirizzo: https://support.google.com/a/users/answer/9282720

non modificare questa sezione.
-::~:~::~:~:~:~:~:~:~:~:~:~:~:~:~:~:~:~:~:~:~:~:~:~:~:~:~:~:~:~:~:~:~:~:~:~:~:~::~:~::-",nan,broi,0.5,
"hackinbo® ""sicurezza all'ombra delle torri"" spring edition 2020",2020-05-30 02:00:00+02:00,2020-05-31 02:00:00+02:00,"hackinbo è un evento sulla sicurezza informatica nella città di bologna.
nasce per sopperire alla mancanza di una manifestazione di questo tipo sul territorio bolognese.
ci sarà l’occasione per parlare e incontrare esperti del settore in un’atmosfera rilassata e collaborativa cogliendo l’occasione per rimanere aggiornati sulle ultime tematiche riguardanti l’it-security
l’evento è rivolto ai dirigenti d’azienda, agli it-manager, ai sistemisti, agli appassionati e  a tutte quelle persone intere

https://www.eventbrite.it/e/biglietti-hackinbo-sicurezza-allombra-delle-torri-spring-edition-2020-93796222025?aff=eand","fico eataly world, via paolo canali 8, 40127 bologna",broi,24.0,
riunione you4b,2020-06-15 21:00:00+02:00,2020-06-15 22:00:00+02:00,"clicca sul link seguente per partecipare alla conferenza:
<a href=""https://meet.jit.si/backworksdresslong"">https://meet.jit.si/backworksdresslong</a>

=====

vuoi solo ascoltare la conferenza da un telefono?

componi: +1.512.647.1431 pin: 3367292339#

clicca questo link per vedere i numeri telefonici di questo meeting
<a href=""https://meet.jit.si/static/dialininfo.html?room=backworksdresslong"">https://meet.jit.si/static/dialininfo.html?room=backworksdresslong</a>

-::~:~::~:~:~:~:~:~:~:~:~:~:~:~:~:~:~:~:~:~:~:~:~:~:~:~:~:~:~:~:~:~:~:~:~:~:~:~::~:~::-
partecipa con google meet: https://meet.google.com/uvh-imux-cpd

scopri di più su meet all’indirizzo: https://support.google.com/a/users/answer/9282720

non modificare questa sezione.
-::~:~::~:~:~:~:~:~:~:~:~:~:~:~:~:~:~:~:~:~:~:~:~:~:~:~:~:~:~:~:~:~:~:~:~:~:~:~::~:~::-",nan,broi,1.0,
chiamare muratore ediledera nino,2020-07-22 10:00:00+02:00,2020-07-22 11:00:00+02:00,nan,nan,broi,1.0,
ford stracciari villanova,2020-08-04 15:00:00+02:00,2020-08-04 16:00:00+02:00,nan,nan,broi,1.0,
appuntamento patronato via torreggiano,2020-10-12 07:30:00+02:00,2020-10-12 08:30:00+02:00,nan,nan,broi,1.0,
sky q box sostituzione,2020-10-21 14:30:00+02:00,2020-10-21 15:30:00+02:00,nan,nan,broi,1.0,
cambio gomme pneus mirko,2020-10-31 07:00:00+01:00,2020-10-31 08:00:00+01:00,nan,"via san donato, via s. donato, bologna bo, italia",broi,1.0,
osint day,2021-04-30 02:00:00+02:00,2021-05-01 02:00:00+02:00,"1° osintday ufficiale organizzato da #osintitalia in collaborazione con il corso di perfezionamen...
 details for the event can be found here: https://www.linkedin.com/comm/events/osintday6789116500256030720/?midtoken=aqg90hoyvnck8q&amp;midsig=0xtcg6y7v5ipi1&amp;trk=eml-email_attendee_confirmation_01-null-1-null&amp;trkemail=eml-email_attendee_confirmation_01-null-1-null-null-2bk4s0%7eknoshtgq%7e3e-null-neptune%2fprofessional%7eevent%2eoverview&amp;lipi=urn:li:page:email_email_attendee_confirmation_01;br5kjmivs7y6gue36wuveg%3d%3d",online,broi,24.0,
osint day,2021-04-30 15:00:00+02:00,2021-04-30 19:00:00+02:00,"per visualizzare informazioni dettagliate sugli eventi creati automaticamente come questo, utilizza l'app google calendar ufficiale. https://g.co/calendar

questo evento è stato creato a partire da un'email che hai ricevuto in gmail. https://mail.google.com/mail?extsrc=cal&plid=acux6dplchp4i6kvin0t7shmgempytpybvrzibm",https://www.linkedin.com/events/osintday6789116500256030720,broi,4.0,
cryptocurrency mining botnet investigation: visualize active c2 servers,2021-05-12 20:00:00+02:00,2021-05-12 21:00:00+02:00,"per visualizzare informazioni dettagliate sugli eventi creati automaticamente come questo, utilizza l'app google calendar ufficiale. https://g.co/calendar

questo evento è stato creato a partire da un'email che hai ricevuto in gmail. https://mail.google.com/mail?extsrc=cal&plid=acux6donmqqq9ex3dx2wppxbw5rdvvryr0yrxs8",https://www.linkedin.com/events/cryptocurrencyminingbotnetinves6790630813122772992,broi,1.0,
conference con antonio,2021-05-21 17:00:00+02:00,2021-05-21 18:00:00+02:00,"ci vediamo venerdi prossimo 21 maggio 2021 dalle h. 05.00 pm alle 06.00 pm.
test su docenza.
clicca qui per la chat:
https://meet.google.com/rtp-ponk-dba",nan,broi,1.0,
richiamo vaccinazione,2021-05-27 02:00:00+02:00,2021-05-28 02:00:00+02:00,nan,nan,broi,24.0,
conference con antonio,2021-05-28 09:30:00+02:00,2021-05-28 10:00:00+02:00,"________________________________________________________________________________
riunione di microsoft teams
partecipa tramite computer o app per dispositivi mobili
fai clic qui per partecipare alla riunione<https://teams.microsoft.com/l/meetup-join/19%3ameeting_ywi0mdhimzatzti5ny00mtg3lthmmwutzwezotrjzde3yti5%40thread.v2/0?context=%7b%22tid%22%3a%228b0a80ae-b7d7-4542-9b6f-a8eb403f9b21%22%2c%22oid%22%3a%227375f973-ddae-46fe-83da-213139a3d9a7%22%7d>
in alternativa, partecipa tramite chiamata (solo audio)
+39 02 0069 9576,,669383349#<tel:+390200699576,,669383349#>   italy, milano
id conferenza telefonica: 669 383 349#
trova un numero locale<https://dialin.teams.microsoft.com/1c8f6b58-be25-4e8d-ac41-ff4e7b41b3e2?id=669383349> | reimposta pin<https://mysettings.lync.com/pstnconferencing>
altre informazioni<https://aka.ms/jointeamsmeeting> | opzioni riunione<https://teams.microsoft.com/meetingoptions/?organizerid=7375f973-ddae-46fe-83da-213139a3d9a7&tenantid=8b0a80ae-b7d7-4542-9b6f-a8eb403f9b21&threadid=19_meeting_ywi0mdhimzatzti5ny00mtg3lthmmwutzwezotrjzde3yti5@thread.v2&messageid=0&language=it-it>
________________________________________________________________________________",nan,broi,0.5,
hackinbo spring 2021 - lab edition - 16° edizione,2021-05-29 09:30:00+02:00,2021-05-29 17:00:00+02:00,"for details, go here:
https://www.eventbrite.it/e/biglietti-hackinbo-spring-2021-lab-edition-16-edizione-152870017337

to access the online event page, go here:
https://www.eventbrite.it/x/biglietti-hackinbo-spring-2021-lab-edition-16-edizione-152870017337",nan,broi,7.5,
"hackinbo spring 2021 ""lab edition""",2021-05-29 09:30:00+02:00,2021-05-29 17:00:00+02:00,"per visualizzare informazioni dettagliate sugli eventi creati automaticamente come questo, utilizza l'app google calendar ufficiale. https://g.co/calendar

questo evento è stato creato a partire da un'email che hai ricevuto in gmail. https://mail.google.com/mail?extsrc=cal&plid=acux6dndeczj7qntgzkvpt-zfsiv4xpzr65so9g",https://www.linkedin.com/events/hackinbospringedition20216732305147050938368,broi,7.5,
save the date - osint + maltego/socialnet training (soft strategy / docente antonio broi),2021-05-31 02:00:00+02:00,2021-06-02 02:00:00+02:00,"________________________________________________________________________________
riunione di microsoft teams
partecipa tramite computer o app per dispositivi mobili
fai clic qui per partecipare alla riunione<https://teams.microsoft.com/l/meetup-join/19%3ameeting_ytqxyzq0zjgtn2e1ni00yzg5ltkymjitmzvlnmm0owu0mzzh%40thread.v2/0?context=%7b%22tid%22%3a%228b0a80ae-b7d7-4542-9b6f-a8eb403f9b21%22%2c%22oid%22%3a%227375f973-ddae-46fe-83da-213139a3d9a7%22%7d>
in alternativa, partecipa tramite chiamata (solo audio)
+39 02 0069 9576,,158602042#<tel:+390200699576,,158602042#>   italy, milano
id conferenza telefonica: 158 602 042#
trova un numero locale<https://dialin.teams.microsoft.com/1c8f6b58-be25-4e8d-ac41-ff4e7b41b3e2?id=158602042> | reimposta pin<https://mysettings.lync.com/pstnconferencing>
altre informazioni<https://aka.ms/jointeamsmeeting> | opzioni riunione<https://teams.microsoft.com/meetingoptions/?organizerid=7375f973-ddae-46fe-83da-213139a3d9a7&tenantid=8b0a80ae-b7d7-4542-9b6f-a8eb403f9b21&threadid=19_meeting_ytqxyzq0zjgtn2e1ni00yzg5ltkymjitmzvlnmm0owu0mzzh@thread.v2&messageid=0&language=it-it>
________________________________________________________________________________",nan,broi,48.0,
corso osint - maltego & social network 1* giorno,2021-05-31 08:00:00+02:00,2021-05-31 19:00:00+02:00,"<b>primo giorno di incontro corso osint con paterva maltego&nbsp;</b><br><b>con antonio broi</b><br><b><br></b><br><b>sei stato invitato a una riunione di microsoft teams</b><br><br>puoi partecipare dal computer o dall'app per dispositivi mobili<br><a href=""https://teams.live.com/meet/94748952609931"">fai clic qui per accedere alla riunione</a>

-::~:~::~:~:~:~:~:~:~:~:~:~:~:~:~:~:~:~:~:~:~:~:~:~:~:~:~:~:~:~:~:~:~:~:~:~:~:~::~:~::-
partecipa con google meet: https://meet.google.com/izf-mqdt-jur

scopri di più su meet all’indirizzo: https://support.google.com/a/users/answer/9282720

non modificare questa sezione.
-::~:~::~:~:~:~:~:~:~:~:~:~:~:~:~:~:~:~:~:~:~:~:~:~:~:~:~:~:~:~:~:~:~:~:~:~:~:~::~:~::-",nan,broi,11.0,
corso osint - maltego & social network 2* giorno,2021-06-01 08:00:00+02:00,2021-06-01 19:00:00+02:00,"<b>2 giorno - corso osint con paterva maltego con antonio broi.</b><br><b><br></b><br><b>sei stato invitato a una riunione di microsoft teams</b><br><br>puoi partecipare dal computer o dall'app per dispositivi mobili<br><a href=""https://teams.live.com/meet/94902946890365"">fai clic qui per accedere alla riunione</a>

-::~:~::~:~:~:~:~:~:~:~:~:~:~:~:~:~:~:~:~:~:~:~:~:~:~:~:~:~:~:~:~:~:~:~:~:~:~:~::~:~::-
partecipa con google meet: https://meet.google.com/gyq-mout-sve

scopri di più su meet all’indirizzo: https://support.google.com/a/users/answer/9282720

non modificare questa sezione.
-::~:~::~:~:~:~:~:~:~:~:~:~:~:~:~:~:~:~:~:~:~:~:~:~:~:~:~:~:~:~:~:~:~:~:~:~:~:~::~:~::-",nan,broi,11.0,
corso osint con paterva maltego 3° giorno,2021-06-10 08:00:00+02:00,2021-06-10 19:00:00+02:00,"<b>&nbsp;3° giorno&nbsp;</b><b>corso osint &nbsp;paterva maltego con antonio broi</b><br><br><b><br></b><br><b>sei stato invitato a una riunione di microsoft teams</b><br><br>puoi partecipare dal computer o dall'app per dispositivi mobili<br><a href=""https://teams.live.com/meet/94960764190868"">fai clic qui per accedere alla riunione</a>

-::~:~::~:~:~:~:~:~:~:~:~:~:~:~:~:~:~:~:~:~:~:~:~:~:~:~:~:~:~:~:~:~:~:~:~:~:~:~::~:~::-
partecipa con google meet: https://meet.google.com/oxk-sufx-moi

scopri di più su meet all’indirizzo: https://support.google.com/a/users/answer/9282720

non modificare questa sezione.
-::~:~::~:~:~:~:~:~:~:~:~:~:~:~:~:~:~:~:~:~:~:~:~:~:~:~:~:~:~:~:~:~:~:~:~:~:~:~::~:~::-",nan,broi,11.0,
check per ultima data corso gucci,2021-06-17 15:00:00+02:00,2021-06-17 15:30:00+02:00,"________________________________________________________________________________
riunione di microsoft teams
partecipa tramite computer o app per dispositivi mobili
fai clic qui per partecipare alla riunione<https://teams.microsoft.com/l/meetup-join/19%3ameeting_nwewmjfjntytnju0ns00yta2ltljytmtngzmzgqyyjfmnmi4%40thread.v2/0?context=%7b%22tid%22%3a%228b0a80ae-b7d7-4542-9b6f-a8eb403f9b21%22%2c%22oid%22%3a%227375f973-ddae-46fe-83da-213139a3d9a7%22%7d>
in alternativa, partecipa tramite chiamata (solo audio)
+39 02 0069 9576,,601488748#<tel:+390200699576,,601488748#>   italy, milano
id conferenza telefonica: 601 488 748#
trova un numero locale<https://dialin.teams.microsoft.com/1c8f6b58-be25-4e8d-ac41-ff4e7b41b3e2?id=601488748> | reimposta pin<https://mysettings.lync.com/pstnconferencing>
altre informazioni<https://aka.ms/jointeamsmeeting> | opzioni riunione<https://teams.microsoft.com/meetingoptions/?organizerid=7375f973-ddae-46fe-83da-213139a3d9a7&tenantid=8b0a80ae-b7d7-4542-9b6f-a8eb403f9b21&threadid=19_meeting_nwewmjfjntytnju0ns00yta2ltljytmtngzmzgqyyjfmnmi4@thread.v2&messageid=0&language=it-it>
________________________________________________________________________________",nan,broi,0.5,
corso osint paterva maltego - 4 giorno,2021-06-18 08:00:00+02:00,2021-06-18 19:00:00+02:00,"<b>4 e ultimo giorno del corso osint con paterva maltego con antonio broi.</b><br><b><br></b><br><b><br></b><br><b>sei stato invitato a una riunione di microsoft teams</b><br><br>puoi partecipare dal computer o dall'app per dispositivi mobili<br><a href=""https://teams.live.com/meet/94521807228899"">fai clic qui per accedere alla riunione</a>

-::~:~::~:~:~:~:~:~:~:~:~:~:~:~:~:~:~:~:~:~:~:~:~:~:~:~:~:~:~:~:~:~:~:~:~:~:~:~::~:~::-
partecipa con google meet: https://meet.google.com/vkz-tnvu-xvc

scopri di più su meet all’indirizzo: https://support.google.com/a/users/answer/9282720

non modificare questa sezione.
-::~:~::~:~:~:~:~:~:~:~:~:~:~:~:~:~:~:~:~:~:~:~:~:~:~:~:~:~:~:~:~:~:~:~:~:~:~:~::~:~::-",nan,broi,11.0,
check corso osint gucci e osint anti-terrorismo bz,2021-06-21 09:30:00+02:00,2021-06-21 10:30:00+02:00,"________________________________________________________________________________
riunione di microsoft teams
partecipa tramite computer o app per dispositivi mobili
fai clic qui per partecipare alla riunione<https://teams.microsoft.com/l/meetup-join/19%3ameeting_zmjhzdbizgitotkwzc00oti5lwi3mdatn2vjmjc0mgfiztm4%40thread.v2/0?context=%7b%22tid%22%3a%228b0a80ae-b7d7-4542-9b6f-a8eb403f9b21%22%2c%22oid%22%3a%227375f973-ddae-46fe-83da-213139a3d9a7%22%7d>
in alternativa, partecipa tramite chiamata (solo audio)
+39 02 0069 9576,,577335819#<tel:+390200699576,,577335819#>   italy, milano
id conferenza telefonica: 577 335 819#
trova un numero locale<https://dialin.teams.microsoft.com/1c8f6b58-be25-4e8d-ac41-ff4e7b41b3e2?id=577335819> | reimposta pin<https://mysettings.lync.com/pstnconferencing>
altre informazioni<https://aka.ms/jointeamsmeeting> | opzioni riunione<https://teams.microsoft.com/meetingoptions/?organizerid=7375f973-ddae-46fe-83da-213139a3d9a7&tenantid=8b0a80ae-b7d7-4542-9b6f-a8eb403f9b21&threadid=19_meeting_zmjhzdbizgitotkwzc00oti5lwi3mdatn2vjmjc0mgfiztm4@thread.v2&messageid=0&language=it-it>
________________________________________________________________________________",nan,broi,1.0,
stay at hotel ristorante lewald,2021-06-23 02:00:00+02:00,2021-06-26 02:00:00+02:00,"per visualizzare informazioni dettagliate sugli eventi creati automaticamente come questo, utilizza l'app google calendar ufficiale. https://g.co/calendar

questo evento è stato creato a partire da un'email che hai ricevuto in gmail. https://mail.google.com/mail?extsrc=cal&plid=acux6doq1_uhuep-zmlkgynvtrsslvqtr3kcl3g","hotel ristorante lewald, bolzano",broi,72.0,
save the date - osint anti-terrorismo a bolzano,2021-06-24 02:00:00+02:00,2021-06-26 02:00:00+02:00,nan,nan,broi,48.0,
osint italia tsurugi-linux,2021-06-28 02:00:00+02:00,2021-06-29 02:00:00+02:00,nan,nan,broi,24.0,
"save the ""extra"" date - osint + maltego/socialnet training (soft strategy / docente antonio broi)",2021-07-05 08:00:00+02:00,2021-07-05 14:00:00+02:00,"buongiorno a tutte/i

come d’accordo con francesco rumiano, il 5 mattina sarà svolta una mattinata extra di formazione.
una seconda e conclusiva data extra sarà il 9 mattina.

l’orario di inizio effettivo sarà lo stesso delle precedenti date.

buona continuazione
f

________________________________________________________________________________
riunione di microsoft teams
partecipa tramite computer o app per dispositivi mobili
fai clic qui per partecipare alla riunione<https://teams.microsoft.com/l/meetup-join/19%3ameeting_zjy3ogfmzjmtmju5my00nwuwlwfjnwmtn2zhmgu2mtbhmtdm%40thread.v2/0?context=%7b%22tid%22%3a%228b0a80ae-b7d7-4542-9b6f-a8eb403f9b21%22%2c%22oid%22%3a%227375f973-ddae-46fe-83da-213139a3d9a7%22%7d>
in alternativa, partecipa tramite chiamata (solo audio)
+39 02 0069 9576,,411481957#<tel:+390200699576,,411481957#>   italy, milano
id conferenza telefonica: 411 481 957#
trova un numero locale<https://dialin.teams.microsoft.com/1c8f6b58-be25-4e8d-ac41-ff4e7b41b3e2?id=411481957> | reimposta pin<https://mysettings.lync.com/pstnconferencing>
altre informazioni<https://aka.ms/jointeamsmeeting> | opzioni riunione<https://teams.microsoft.com/meetingoptions/?organizerid=7375f973-ddae-46fe-83da-213139a3d9a7&tenantid=8b0a80ae-b7d7-4542-9b6f-a8eb403f9b21&threadid=19_meeting_zjy3ogfmzjmtmju5my00nwuwlwfjnwmtn2zhmgu2mtbhmtdm@thread.v2&messageid=0&language=it-it>
________________________________________________________________________________",nan,broi,6.0,
"save the ""extra"" date - osint + maltego/socialnet training  (soft strategy / docente antonio broi)",2021-07-09 08:00:00+02:00,2021-07-09 14:00:00+02:00,"buongiorno a tutte/i

questo il calendar per la seconda e conclusiva data extra di formazione.

l’orario di inizio effettivo sarà lo stesso delle precedenti date.

buona continuazione
f

________________________________________________________________________________
riunione di microsoft teams
partecipa tramite computer o app per dispositivi mobili
fai clic qui per partecipare alla riunione<https://teams.microsoft.com/l/meetup-join/19%3ameeting_ztm4mwy4mditnzeyns00mzvilthiogutyjezmtjjogu5mjuy%40thread.v2/0?context=%7b%22tid%22%3a%228b0a80ae-b7d7-4542-9b6f-a8eb403f9b21%22%2c%22oid%22%3a%227375f973-ddae-46fe-83da-213139a3d9a7%22%7d>
in alternativa, partecipa tramite chiamata (solo audio)
+39 02 0069 9576,,283272029#<tel:+390200699576,,283272029#>   italy, milano
id conferenza telefonica: 283 272 029#
trova un numero locale<https://dialin.teams.microsoft.com/1c8f6b58-be25-4e8d-ac41-ff4e7b41b3e2?id=283272029> | reimposta pin<https://mysettings.lync.com/pstnconferencing>
altre informazioni<https://aka.ms/jointeamsmeeting> | opzioni riunione<https://teams.microsoft.com/meetingoptions/?organizerid=7375f973-ddae-46fe-83da-213139a3d9a7&tenantid=8b0a80ae-b7d7-4542-9b6f-a8eb403f9b21&threadid=19_meeting_ztm4mwy4mditnzeyns00mzvilthiogutyjezmtjjogu5mjuy@thread.v2&messageid=0&language=it-it>
________________________________________________________________________________",nan,broi,6.0,
you4b,2021-07-19 21:30:00+02:00,2021-07-19 22:30:00+02:00,"-::~:~::~:~:~:~:~:~:~:~:~:~:~:~:~:~:~:~:~:~:~:~:~:~:~:~:~:~:~:~:~:~:~:~:~:~:~:~::~:~::-
partecipa con google meet: https://meet.google.com/grs-ouqc-jbx

scopri di più su meet all’indirizzo: https://support.google.com/a/users/answer/9282720

non modificare questa sezione.
-::~:~::~:~:~:~:~:~:~:~:~:~:~:~:~:~:~:~:~:~:~:~:~:~:~:~:~:~:~:~:~:~:~:~:~:~:~:~::~:~::-",nan,broi,1.0,
riunione col ranieri capo pattuglia gico,2021-10-28 02:00:00+02:00,2021-10-29 02:00:00+02:00,nan,nan,broi,24.0,
intervento magg lisa i gte,2021-11-04 07:00:00+01:00,2021-11-04 10:45:00+01:00,nan,nan,broi,3.75,
"hackinbo ""business edition"" winter 2021",2021-11-05 08:30:00+01:00,2021-11-05 17:00:00+01:00,"per visualizzare informazioni dettagliate sugli eventi creati automaticamente come questo, utilizza l'app google calendar ufficiale. https://g.co/calendar

questo evento è stato creato a partire da un'email che hai ricevuto in gmail. https://mail.google.com/mail?extsrc=cal&plid=acux6dpnjqh1onmk4elwknzulqmaxxc3gwamhzc",https://www.linkedin.com/events/hackinbobusinesseditionspring206734872924920045568,broi,8.5,
hackinbo winter edition 2021 - 17esima edizione,2021-11-06 01:00:00+01:00,2021-11-07 01:00:00+01:00,"hackinbo® torna in presenza con la 17esima edizione!

aggiornamenti in questa pagina e sul sito ufficiale www.hackinbo.it

stay tuned!!!
https://www.linkedin.com/events/hackinbowinteredition2021-17esi6810142940657254400",nan,broi,24.0,
hackinbo winter edition 2021 - 17esima edizione,2021-11-06 09:30:00+01:00,2021-11-06 17:00:00+01:00,"hackinbo® torna in presenza con la 17esima edizione!

aggiornamenti in questa pagina e sul sito ufficiale www.hackinbo.it

stay tuned!!!
https://www.linkedin.com/events/hackinbowinteredition2021-17esi6810142940657254400",nan,broi,7.5,
hackinbo winter edition 2021 - 17esima edizione,2021-11-06 09:30:00+01:00,2021-11-06 17:00:00+01:00,"per visualizzare informazioni dettagliate sugli eventi creati automaticamente come questo, utilizza l'app google calendar ufficiale. https://g.co/calendar

questo evento è stato creato a partire da un'email che hai ricevuto in gmail. https://mail.google.com/mail?extsrc=cal&plid=acux6dnlkc9ukm6gmtxnqngylwfts1af7l_zeps",https://www.linkedin.com/events/hackinbowinteredition2021-17esi6810142940657254400,broi,7.5,
hackinbo winter 2021 - 17° edizione,2021-11-06 10:30:00+01:00,2021-11-06 17:00:00+01:00,"per visualizzare informazioni dettagliate sugli eventi creati automaticamente come questo, utilizza l'app google calendar ufficiale. https://g.co/calendar

questo evento è stato creato a partire da un'email che hai ricevuto in gmail. https://mail.google.com/mail?extsrc=cal&plid=acux6dmteeipcii8-ypqlrcgtba6ea6xzd8ubps","online: 
https://www.eventbrite.it/x/biglietti-hackinbo-winter-2021-17-edizione-181767751237",broi,6.5,
cambio gomme kia rio 16.30,2021-11-09 16:00:00+01:00,2021-11-09 17:00:00+01:00,nan,nan,broi,1.0,
cambio gomme seat 16.00,2021-11-10 15:00:00+01:00,2021-11-10 16:00:00+01:00,"-::~:~::~:~:~:~:~:~:~:~:~:~:~:~:~:~:~:~:~:~:~:~:~:~:~:~:~:~:~:~:~:~:~:~:~:~:~:~::~:~::-
partecipa con google meet: https://meet.google.com/gpz-domm-dzz

scopri di più su meet all’indirizzo: https://support.google.com/a/users/answer/9282720

non modificare questa sezione.
-::~:~::~:~:~:~:~:~:~:~:~:~:~:~:~:~:~:~:~:~:~:~:~:~:~:~:~:~:~:~:~:~:~:~:~:~:~:~::~:~::-",nan,broi,1.0,
tampone per contatti stretti,2021-11-17 12:50:00+01:00,2021-11-17 12:55:00+01:00,nan,nan,broi,0.08333333333333333,
tampone per contatti stretti,2021-11-17 12:55:00+01:00,2021-11-17 13:00:00+01:00,nan,nan,broi,0.08333333333333333,
tampone per contatti stretti,2021-11-17 13:05:00+01:00,2021-11-17 13:10:00+01:00,nan,nan,broi,0.08333333333333333,
assemblea condominiale,2021-11-23 18:00:00+01:00,2021-11-23 19:00:00+01:00,nan,nan,broi,1.0,
pulizia caldaia immergas h0900/0830,2021-12-04 08:00:00+01:00,2021-12-04 09:00:00+01:00,"-::~:~::~:~:~:~:~:~:~:~:~:~:~:~:~:~:~:~:~:~:~:~:~:~:~:~:~:~:~:~:~:~:~:~:~:~:~:~::~:~::-
partecipa con google meet: https://meet.google.com/pxi-javh-upg

scopri di più su meet all’indirizzo: https://support.google.com/a/users/answer/9282720

non modificare questa sezione.
-::~:~::~:~:~:~:~:~:~:~:~:~:~:~:~:~:~:~:~:~:~:~:~:~:~:~:~:~:~:~:~:~:~:~:~:~:~:~::~:~::-",nan,broi,1.0,
vaccino terza dose hub cicogna 14.40,2021-12-14 13:30:00+01:00,2021-12-14 14:30:00+01:00,"-::~:~::~:~:~:~:~:~:~:~:~:~:~:~:~:~:~:~:~:~:~:~:~:~:~:~:~:~:~:~:~:~:~:~:~:~:~:~::~:~::-
partecipa con google meet: https://meet.google.com/ixy-qafg-bvg

scopri di più su meet all’indirizzo: https://support.google.com/a/users/answer/9282720

non modificare questa sezione.
-::~:~::~:~:~:~:~:~:~:~:~:~:~:~:~:~:~:~:~:~:~:~:~:~:~:~:~:~:~:~:~:~:~:~:~:~:~:~::~:~::-",la cicogna di san lazzaro,broi,1.0,
esame lella via s.isaia 94 08.54,2021-12-28 07:00:00+01:00,2021-12-28 08:00:00+01:00,nan,nan,broi,1.0,
compleanno cristian lecca figlio roberta asoni,2021-12-31 08:00:00+01:00,2021-12-31 09:00:00+01:00,nan,nan,broi,1.0,
lella villa chiara risonanza magnetica  via porrettana 170 casalecchio,2022-01-11 17:30:00+01:00,2022-01-11 18:30:00+01:00,nan,nan,broi,1.0,
molecolare parco nord 13.15,2022-01-13 12:00:00+01:00,2022-01-13 13:00:00+01:00,nan,nan,broi,1.0,
lella via irnerio visita,2022-01-26 10:30:00+01:00,2022-01-26 11:30:00+01:00,nan,nan,broi,1.0,
pulizia caldaia h 16.15 imme gas,2022-02-02 15:00:00+01:00,2022-02-02 16:00:00+01:00,"-::~:~::~:~:~:~:~:~:~:~:~:~:~:~:~:~:~:~:~:~:~:~:~:~:~:~:~:~:~:~:~:~:~:~:~:~:~:~::~:~::-
partecipa con google meet: https://meet.google.com/mah-myow-yvq

scopri di più su meet all’indirizzo: https://support.google.com/a/users/answer/9282720

non modificare questa sezione.
-::~:~::~:~:~:~:~:~:~:~:~:~:~:~:~:~:~:~:~:~:~:~:~:~:~:~:~:~:~:~:~:~:~:~:~:~:~:~::~:~::-",nan,broi,1.0,
"tagliando kia ho ,07.45 ritiro 16.45 riconsegna",2022-03-09 07:30:00+01:00,2022-03-09 16:30:00+01:00,nan,nan,broi,9.0,
compleanno matilde lecca figlia roberta asoni,2022-03-15 08:30:00+01:00,2022-03-15 09:30:00+01:00,nan,nan,broi,1.0,
seminario con luca l'odio su intella,2022-03-17 08:00:00+01:00,2022-03-17 09:00:00+01:00,nan,nan,broi,1.0,
incontro con comandante e capi pattuglia  sala t2 10-12,2022-03-24 09:00:00+01:00,2022-03-24 10:00:00+01:00,nan,nan,broi,1.0,
incontro col ranieri t1 capi pattuglia osint,2022-04-01 09:00:00+02:00,2022-04-01 12:15:00+02:00,nan,nan,broi,3.25,
carrozzeria zanardi castelmaggiore samuel 6 aprile 0830,2022-04-05 07:00:00+02:00,2022-04-06 08:00:00+02:00,"-::~:~::~:~:~:~:~:~:~:~:~:~:~:~:~:~:~:~:~:~:~:~:~:~:~:~:~:~:~:~:~:~:~:~:~:~:~:~::~:~::-
partecipa con google meet: https://meet.google.com/pza-itvh-cnr

scopri di più su meet all’indirizzo: https://support.google.com/a/users/answer/9282720

non modificare questa sezione.
-::~:~::~:~:~:~:~:~:~:~:~:~:~:~:~:~:~:~:~:~:~:~:~:~:~:~:~:~:~:~:~:~:~:~:~:~:~:~::~:~::-",nan,broi,25.0,
trasloco cicchetti il 23,2022-04-22 12:00:00+02:00,2022-04-22 13:00:00+02:00,nan,nan,broi,1.0,
docenza overnet,2022-04-27 06:30:00+02:00,2022-04-28 07:30:00+02:00,nan,nan,broi,25.0,
oec253 - osint - investigazioni nel dark web e su crittovalute,2022-04-27 09:30:00+02:00,2022-04-27 17:30:00+02:00,"accedi a riunione webex
https://overneteducation.my.webex.com/overneteducation.my-it/j.php?mtid=m774024559f26275f2335bac34bf4de84
numero riunione (codice di accesso): 2372 225 0019

password riunione: bpxiyytm572 (27949986 da telefoni e sistemi video)



toccare per accedere da un dispositivo mobile (solo partecipanti)
+1-650-215-5226,,23722250019#27949986# tel:%2b1-650-215-5226,,*01*23722250019%2327949986%23*01* united states toll
alcuni dispositivi mobili potrebbero richiedere ai partecipanti di inserire una password numerica.


accedi per telefono
+1-650-215-5226 united states toll

numeri di chiamate in ingresso globali
https://overneteducation.my.webex.com/overneteducation.my/globalcallin.php?mtid=m455478e55e4bf011821e62a985fdf45e


accedi tramite sistema video, applicazione o skype for business
chiama sip:23722250019@webex.com
è possibile anche chiamare 62.109.219.4 e immettere il numero della riunione.





impossibile partecipare alla riunione?
https://collaborationhelp.cisco.com/article/wbx000029055


avviso importante: tenere presente che questo servizio webex consente l'invio di audio e altre informazioni per la registrazione durante la sessione, che possono essere utili in caso di problemi legali. la partecipazione alla riunione implica il consenso automatico a queste registrazioni. se non si autorizza la registrazione, discutere i propri dubbi con l'organizzatore o non partecipare alla sessione.",https://overneteducation.my.webex.com/overneteducation.my-it/j.php?mtid=m774024559f26275f2335bac34bf4de84,broi,8.0,
piazza grande ho 1200,2022-05-02 11:30:00+02:00,2022-05-02 12:30:00+02:00,nan,nan,broi,1.0,
gtmc padova ha 0500 partrnza,2022-05-04 04:00:00+02:00,2022-05-04 05:00:00+02:00,nan,nan,broi,1.0,
riunione gtmbs,2022-05-05 08:00:00+02:00,2022-05-05 10:00:00+02:00,nan,nan,broi,2.0,
piazza grande 1400 1500,2022-05-06 12:00:00+02:00,2022-05-06 13:00:00+02:00,nan,nan,broi,1.0,
imola,2022-05-10 06:00:00+02:00,2022-05-10 07:00:00+02:00,nan,nan,broi,1.0,
partenza milano gtmbs 11 e perquisa il 12,2022-05-11 08:00:00+02:00,2022-05-11 09:00:00+02:00,nan,nan,broi,1.0,
milano gtmbs,2022-05-12 06:00:00+02:00,2022-05-12 07:00:00+02:00,nan,nan,broi,1.0,
cambio gomme pneus sport mirko 10.30,2022-05-18 08:00:00+02:00,2022-05-18 09:00:00+02:00,nan,nan,broi,1.0,
cambio gomme pneus sport 10.30,2022-05-19 08:00:00+02:00,2022-05-19 09:00:00+02:00,nan,nan,broi,1.0,
chiamare mirko pnews sport chiedere x gomme dacia 700€,2022-05-26 08:00:00+02:00,2022-05-26 09:00:00+02:00,nan,nan,broi,1.0,
"""hackinbo - sicurezza all'ombra delle torri"" spring edition 2022 - 18° ed.",2022-05-28 07:45:00+02:00,2022-05-28 14:45:00+02:00,"for details, go here:
https://www.eventbrite.it/e/biglietti-hackinbo-sicurezza-allombra-delle-torri-spring-edition-2022-18-ed-293397538937",fico eataly world - via paolo canali 8 - 40127 -  bologna - italy,broi,7.0,
hackinbo® spring edition 2022 - 18° edizione,2022-05-28 09:00:00+02:00,2022-05-28 17:00:00+02:00,"per visualizzare informazioni dettagliate sugli eventi creati automaticamente come questo, utilizza l'app google calendar ufficiale. https://g.co/calendar

questo evento è stato creato a partire da un'email che hai ricevuto in gmail. https://mail.google.com/mail?extsrc=cal&plid=acux6dpdohnaqgx9nrjrq1sajjn-dxmayzjwpvi",https://www.linkedin.com/events/hackinbo-springedition2022-18-e6875050521011511296,broi,8.0,
hackinbo spring edition 2022 - 18° edizione,2022-05-28 09:00:00+02:00,2022-05-28 17:00:00+02:00,"hackinbo torna in presenza con la sua 18° edizione!

aggiornamenti in progress","bologna, emilia romagna, it",broi,8.0,
hackinbo® spring edition 2022 - 18° edizione,2022-05-28 09:00:00+02:00,2022-05-28 17:00:00+02:00,"hackinbo® torna in presenza con la 18° edizione!

biglietti disponibili da aprile 2022

tante novità in arrivo. pagina in continuo aggiornamento.","fico eataly world, via paolo canali, 8, bologna, bo, it",broi,8.0,
hackinbo spring edition 2022 - 18° edizione,2022-05-28 09:00:00+02:00,2022-05-28 17:00:00+02:00,"per visualizzare informazioni dettagliate sugli eventi creati automaticamente come questo, utilizza l'app google calendar ufficiale. https://g.co/calendar

questo evento è stato creato a partire da un'email che hai ricevuto in gmail. https://mail.google.com/mail?extsrc=cal&plid=acux6dop0gznucwl8dz6ylubyl7txsvbhkhokzs",https://www.linkedin.com/events/hackinbospringedition2022-18-ed6869207512554504192,broi,8.0,
"""hackinbo - sicurezza all'ombra delle torri"" spring edition 2022 - 18° ed.",2022-05-28 09:30:00+02:00,2022-05-28 16:30:00+02:00,"per visualizzare informazioni dettagliate sugli eventi creati automaticamente come questo, utilizza l'app google calendar ufficiale. https://g.co/calendar

questo evento è stato creato a partire da un'email che hai ricevuto in gmail. https://mail.google.com/mail?extsrc=cal&plid=acux6dmjt0lrmbpewy6ny4amwv60zekny_m2bti","fico eataly world, via paolo canali 840127 bologna, bologna, emilia-romagna, it, 40127",broi,7.0,
l’open source intelligence (osint) nel contrasto alle fake news,2022-06-06 19:30:00+02:00,2022-06-06 20:00:00+02:00,"il web rappresenta ormai una fonte formidabile di accrescimento del sapere, un mezzo per la consultazione a fini informativi ovvero anche soltanto una fonte di svago.
nel nuovo mondo della conoscenza digitale, complice la formidabile rapidità di riscontro, riponiamo la speranza di ricevere una pronta risposta a tutti i nostri interrogativi.
l’affidabilità nelle informazioni che assumiamo diventa un elemento cruciale in un tempo in cui disinformazione e fake news sono in agguato anche come strumento di guerra ibrida.
in tale contesto, un ruolo determinate può darlo l’open source intelligence, meglio noto come osint, dalla cui esperienza possiamo trarre spunti e buone pratiche da utilizzare anche nella vita quotidiana.
ne parliamo con antonio rossi di osintitalia.",nan,broi,0.5,
l’open source intelligence (osint) nel contrasto alle fake news,2022-06-06 19:30:00+02:00,2022-06-06 20:00:00+02:00,"per visualizzare informazioni dettagliate sugli eventi creati automaticamente come questo, utilizza l'app google calendar ufficiale. https://g.co/calendar

questo evento è stato creato a partire da un'email che hai ricevuto in gmail. https://mail.google.com/mail?extsrc=cal&plid=acux6dp_8kxtk_yw3iiuzos_ryhhbyvz1vuidse",https://www.linkedin.com/events/l-opensourceintelligence-osint-6935579656221802496,broi,0.5,
1 rata ta.ri,2022-06-30 09:00:00+02:00,2022-06-30 10:00:00+02:00,nan,nan,broi,1.0,
processo milano,2022-07-06 08:00:00+02:00,2022-07-06 09:00:00+02:00,nan,nan,broi,1.0,
"viaggio bologna centrale-milano centrale, treno frecciarossa 9802, carr 7, posti 1a, pnr w7hnvn,",2022-07-06 08:13:00+02:00,2022-07-06 09:35:00+02:00,"bologna centrale-milano centrale;treno: frecciarossa 9802, partenza da bologna centrale ore: 08:13; arrivo a milano centrale ore: 09:35 carrozza 7, posti 1a; codice pnr w7hnvn",bologna centrale,broi,1.3666666666666667,
"viaggio milano centrale-bologna centrale, treno intercitynotte 755, carr 1, posti 1c, pnr w7hnvn,",2022-07-06 21:15:00+02:00,2022-07-06 23:35:00+02:00,"milano centrale-bologna centrale;treno: intercitynotte 755, partenza da milano centrale ore: 21:15; arrivo a bologna centrale ore: 23:35 carrozza 1, posti 1c; codice pnr w7hnvn",milano centrale,broi,2.3333333333333335,
stay at hotel salis,2022-07-08 02:00:00+02:00,2022-07-10 02:00:00+02:00,"per visualizzare informazioni dettagliate sugli eventi creati automaticamente come questo, utilizza l'app google calendar ufficiale. https://g.co/calendar

questo evento è stato creato a partire da un'email che hai ricevuto in gmail. https://mail.google.com/mail?extsrc=cal&plid=acux6dok33eymu0tqmzt4q6jfherqpo-bsdwpa4","hotel salis, roma",broi,48.0,
"viaggio bologna centrale-roma termini, treno frecciarossa 9405, carr 6, posti 1d, pnr qgmj9n,",2022-07-08 09:02:00+02:00,2022-07-08 11:22:00+02:00,"bologna centrale-roma termini;treno: frecciarossa 9405, partenza da bologna centrale ore: 09:02; arrivo a roma termini ore: 11:22 carrozza 6, posti 1d; codice pnr qgmj9n",bologna centrale,broi,2.3333333333333335,
"viaggio roma termini-napoli centrale, treno frecciarossa 9503, carr 1, posti 14d, pnr qh6fen,",2022-07-09 08:00:00+02:00,2022-07-09 09:13:00+02:00,"roma termini-napoli centrale;treno: frecciarossa 9503, partenza da roma termini ore: 08:00; arrivo a napoli centrale ore: 09:13 carrozza 1, posti 14d; codice pnr qh6fen",roma termini,broi,1.2166666666666666,
"viaggio napoli centrale-bologna centrale, treno frecciarossa 9662, carr 6, posti 2a, 2b, pnr ma4zbn,",2022-07-09 17:25:00+02:00,2022-07-09 20:53:00+02:00,"napoli centrale-bologna centrale;treno: frecciarossa 9662, partenza da napoli centrale ore: 17:25; arrivo a bologna centrale ore: 20:53 carrozza 6, posti 2a, posti 2b; codice pnr ma4zbn",napoli centrale,broi,3.466666666666667,
ð+live+-+introduction+to+rnns+|+tensorflow+and+keras+|+pyimagesearch,2022-07-15 15:30:00+02:00,2022-07-15 17:30:00+02:00,"an+introduction+to+recurrent+neural+networks+with+tensorflow+and+keras.+join+this+live+stream+to+get+an+exclusive+sneak+peek+at+an+upcoming+blog+post+covering+rnns+with+tensorflow+and+keras.

pssst.+with+this+tutorial+pyimagesearch+officially+ventures+into+natural+language+processing,+don't+tell+the+image+models.+ð¤«

join+the+youtube+live+here:
https://www.youtube.com/watch?v=laia7l0_cf8",nan,broi,2.0,
t.col ranieri riunione ho 09.30,2022-07-18 13:00:00+02:00,2022-07-18 14:00:00+02:00,nan,nan,broi,1.0,
osint command-line and python tools,2022-08-18 20:00:00+02:00,2022-08-18 20:30:00+02:00,nan,nan,broi,0.5,
osint command-line and python tools,2022-08-18 20:00:00+02:00,2022-08-18 21:00:00+02:00,"per visualizzare informazioni dettagliate sugli eventi creati automaticamente come questo, utilizza l'app google calendar ufficiale. https://g.co/calendar

questo evento è stato creato a partire da un'email che hai ricevuto in gmail. https://mail.google.com/mail?extsrc=cal&plid=acux6dn4s7fe1cuf3lmmtf9zzsyipctcap5cqxk",https://www.linkedin.com/events/osintcommand-lineandpythontools6958132130811895808,broi,1.0,
interruzione acqua per lavori hera dalle 0900,2022-09-22 08:00:00+02:00,2022-09-22 09:00:00+02:00,nan,nan,broi,1.0,
cifige machine learning su immagini e video,2022-09-27 12:00:00+02:00,2022-09-27 17:15:00+02:00,nan,nan,broi,5.25,
pulizia caldaia,2022-10-04 08:30:00+02:00,2022-10-04 09:30:00+02:00,none,nan,broi,1.0,
pulizia caldaia h immergas h 1630,2022-10-07 15:30:00+02:00,2022-10-07 16:30:00+02:00,nan,nan,broi,1.0,
open source intelligence: minacce o opportunità?,2022-10-14 15:00:00+02:00,2022-10-14 16:00:00+02:00,"in occasione del mese europeo della cyber security, proponiamo un webinar gratuito per approfondire l’open source intelligence, disciplina preziosa che si occupa della ricerca, raccolta e analisi di dati e di notizie d'interesse pubblico tratte da fonti libere. 

si parlerà di come la maggior parte degli strumenti e delle tecniche utilizzati per condurre iniziative di open source intelligence siano progettati per aiutare i professionisti e le aziende a concentrare i propri sforzi su aree di interesse specifiche. 

c'è però un lato oscuro: tutto ciò che può essere trovato e utilizzato dai professionisti della sicurezza può anche essere trovato e utilizzato per finalità improprie e addirittura illecite. 

vedremo come adottare una strategia chiara e consapevole per la raccolta di informazioni open source sia essenziale. 

 
evento destinato a professionisti e aziende del settore it. 


lo speaker sarà mirko lapi, esperto in intelligence e sicurezza delle informazioni, e marco ciampi interverrà come moderatore. 

 
organizzato da ithum con il patrocinio di clusit. 

 
durata: circa 30/40 minuti di speech 
circa 20/30 minuti per domande e discussione 


attestato di partecipazione finale ai richiedenti 


webinar accessibile in web-conference, previa iscrizione su eventbrite : https://www.eventbrite.it/e/biglietti-open-source-intelligence-minacce-o-opportunita-425071138217?keep_tld=1",nan,broi,1.0,
open source intelligence: minacce o opportunità?,2022-10-14 15:00:00+02:00,2022-10-14 16:00:00+02:00,"per visualizzare informazioni dettagliate sugli eventi creati automaticamente come questo, utilizza l'app google calendar ufficiale. https://g.co/calendar

questo evento è stato creato a partire da un'email che hai ricevuto in gmail. https://mail.google.com/mail?extsrc=cal&plid=acux6dpcs1q7_8v1kkoe7rh7ezmk8rqsnl-i-cw",https://www.linkedin.com/events/opensourceintelligence-minacceo6978618356274745344,broi,1.0,
intervento milano,2022-10-19 03:30:00+02:00,2022-10-19 04:30:00+02:00,none,nan,broi,1.0,
cambio gomme seat vale quattrini via larga h 1530,2022-10-25 14:00:00+02:00,2022-10-25 15:00:00+02:00,nan,nan,broi,1.0,
cartellino identificativo x ispezione,2022-11-14 07:00:00+01:00,2022-11-14 08:00:00+01:00,none,nan,broi,1.0,
i nombservizio con spataro,2022-11-16 06:30:00+01:00,2022-11-16 07:30:00+01:00,none,nan,broi,1.0,
reggio emilia h. 05.45,2022-11-17 03:30:00+01:00,2022-11-17 04:30:00+01:00,none,nan,broi,1.0,
nella mente del criminale: cosa spinge al reato?,2022-11-18 14:00:00+01:00,2022-11-19 20:00:00+01:00,"per visualizzare informazioni dettagliate sugli eventi creati automaticamente come questo, utilizza l'app google calendar ufficiale. https://g.co/calendar

questo evento è stato creato a partire da un'email che hai ricevuto in gmail. https://mail.google.com/mail?extsrc=cal&plid=acux6dnesfvx5cfac_pf_anhy02dtsbwu2umqzs",https://www.linkedin.com/events/nellamentedelcriminale-cosaspin6987703248916766720,broi,30.0,
nella mente del criminale: cosa spinge al reato?,2022-11-18 14:00:00+01:00,2022-11-19 20:00:00+01:00,"cosa si cela nella mente del criminale quando compie un reato?

venerdì 18 e sabato 19 novembre forensicnews, in collaborazione con il giornalista investigativo fabio sanvitale, organizza un webinar rivolto ad appassionati, studenti, criminologi, psicologi, forze dell’ordine, investigatori privati. un corso per capire, dagli omicidi seriali ai reati sessuali, le motivazioni dei colpevoli, insieme ai professionisti che ogni giorno vivono le indagini e i processi.

evento valido ai sensi del d.m. 269/2010, ai fini del rinnovo triennale della licenza di investigatori privati e informatori commerciali.

programma

venerdí 18 novembre
fabio delicato: gianfranco stevanin, analisi psico-criminologica 14-16
franco di nucci: il mio percorso, dal reato alla rinascita 16-18
fabio sanvitale: il serial killer dennis nilsen a parole sue 18-20
 

sabato 19 novembre
nicodemo gentile: a tu per tu con il colpevole 14-16
chiara ingrosso: il caso varani 16-18
laura volpini: uccidere il figlio. da annamaria franzoni ad alessia pifferi 18-20",nan,broi,30.0,
presenza qualificata,2022-11-21 08:00:00+01:00,2022-11-21 09:00:00+01:00,none,nan,broi,1.0,
tiri a sassuolo,2022-11-23 01:00:00+01:00,2022-11-24 01:00:00+01:00,nan,"sassuolo, 41049 sassuolo mo, italia",broi,24.0,
istruzione nos h.09.00,2022-11-23 09:30:00+01:00,2022-11-23 10:30:00+01:00,none,nan,broi,1.0,
analisi stile scrittura e profilazione sociolinguistica,2022-11-28 19:30:00+01:00,2022-11-28 20:00:00+01:00,"per visualizzare informazioni dettagliate sugli eventi creati automaticamente come questo, utilizza l'app google calendar ufficiale. https://g.co/calendar

questo evento è stato creato a partire da un'email che hai ricevuto in gmail. https://mail.google.com/mail?extsrc=cal&plid=acux6doyo89d63qja1_rcib33htg8c2_w2n7bbc",https://www.linkedin.com/events/analisistilescritturaeprofilazi6982960050021535744,broi,0.5,
analisi stile scrittura e profilazione sociolinguistica,2022-11-28 19:30:00+01:00,2022-11-28 20:00:00+01:00,"nell’ambito della linguistica forense, l’analisi dello stile della scrittura rappresenta uno strumento molto potente in grado di far scoprire moltissime informazioni sull’autore dello scritto, sulla possibilità che questo possa essere attribuito a un determinato soggetto ecc.
attraverso lo studio degli scritti è possibile giungere a vere e proprie profilazioni sociolinguistiche mentre attraverso la comparazione degli elaborato è possibile individuare un autore tra più indiziati di un delitto.
ne parliamo con chiara meluzzi",nan,broi,0.5,
seconda rata ta.ri,2022-12-01 09:00:00+01:00,2022-12-01 10:00:00+01:00,nan,nan,broi,1.0,
hackinbo business edition winter 2022,2022-12-02 09:00:00+01:00,2022-12-02 17:00:00+01:00,torna il nuovo format per le aziende di hackinbo®,"fico eataly world, via paolo canali, 8, bologna, bo, it, 40127",broi,8.0,
hackinbo business edition winter 2022,2022-12-02 09:00:00+01:00,2022-12-02 17:00:00+01:00,"per visualizzare informazioni dettagliate sugli eventi creati automaticamente come questo, utilizza l'app google calendar ufficiale. https://g.co/calendar

questo evento è stato creato a partire da un'email che hai ricevuto in gmail. https://mail.google.com/mail?extsrc=cal&plid=acux6dpvmvitc-zv60xp7mla79f1n77nxl6-rve",https://www.linkedin.com/events/hackinbobusinesseditionwinter206973542625886781440,broi,8.0,
hackinbo bussiness,2022-12-02 11:00:00+01:00,2022-12-02 12:00:00+01:00,nan,nan,broi,1.0,
hackinbo,2022-12-03 11:00:00+01:00,2022-12-03 12:00:00+01:00,nan,nan,broi,1.0,
deft02 - open source intelligence (osint),2022-12-05 09:00:00+01:00,2022-12-05 17:00:00+01:00,"________________________________________________________________________________
riunione di microsoft teams
partecipa da computer o app per dispositivi mobili
fai clic qui per partecipare alla riunione<https://teams.microsoft.com/l/meetup-join/19%3ameeting_y2i2zjcznzytnwrhzc00ndu0ltk5mtktnwjmnjfiyzg2nmrh%40thread.v2/0?context=%7b%22tid%22%3a%225bd6336c-79a9-4f9b-b06c-c47a2a5dad10%22%2c%22oid%22%3a%22ee716cd0-5a6d-4765-bf51-c4b3fcf162a6%22%7d>
id riunione: 290 462 979 158
passcode: cqmbdx
scarica teams<https://www.microsoft.com/en-us/microsoft-teams/download-app> | partecipa sul web<https://www.microsoft.com/microsoft-teams/join-a-meeting>
[https://overneteducation.it/content/loghi/logo_overnet.png]
altre informazioni<https://aka.ms/jointeamsmeeting> | guida<https://overneteducation.it/home/contatti> | opzioni riunione<https://teams.microsoft.com/meetingoptions/?organizerid=ee716cd0-5a6d-4765-bf51-c4b3fcf162a6&tenantid=5bd6336c-79a9-4f9b-b06c-c47a2a5dad10&threadid=19_meeting_y2i2zjcznzytnwrhzc00ndu0ltk5mtktnwjmnjfiyzg2nmrh@thread.v2&messageid=0&language=it-it> | note legali<https://overneteducation.it/>
________________________________________________________________________________",riunione di microsoft teams,broi,8.0,
deft02 - open source intelligence (osint) - poste italiane id piano 348858 id azione 2984302,2023-01-25 09:00:00+01:00,2023-01-25 17:00:00+01:00,"________________________________________________________________________________
riunione di microsoft teams
partecipa da computer, app per dispositivi mobili o dispositivo della stanza
fai clic qui per partecipare alla riunione<https://teams.microsoft.com/l/meetup-join/19%3ameeting_mwy2zjq1mwqtmdu1mc00yjixltlhnjatzmrlythkn2rmogy0%40thread.v2/0?context=%7b%22tid%22%3a%225bd6336c-79a9-4f9b-b06c-c47a2a5dad10%22%2c%22oid%22%3a%22ee716cd0-5a6d-4765-bf51-c4b3fcf162a6%22%7d>
id riunione: 337 974 195 17
passcode: cuhr2w
scarica teams<https://www.microsoft.com/en-us/microsoft-teams/download-app> | partecipa sul web<https://www.microsoft.com/microsoft-teams/join-a-meeting>
[https://overneteducation.it/content/loghi/logo_overnet.png]
altre informazioni<https://aka.ms/jointeamsmeeting> | guida<https://overneteducation.it/home/contatti> | opzioni riunione<https://teams.microsoft.com/meetingoptions/?organizerid=ee716cd0-5a6d-4765-bf51-c4b3fcf162a6&tenantid=5bd6336c-79a9-4f9b-b06c-c47a2a5dad10&threadid=19_meeting_mwy2zjq1mwqtmdu1mc00yjixltlhnjatzmrlythkn2rmogy0@thread.v2&messageid=0&language=it-it> | note legali<https://overneteducation.it/>
________________________________________________________________________________",riunione di microsoft teams,broi,8.0,
chiesa di san benedetto via indipendenza,2023-02-18 01:00:00+01:00,2023-02-19 01:00:00+01:00,nan,nan,broi,24.0,
intervento first responfer,2023-02-23 07:00:00+01:00,2023-02-23 08:00:00+01:00,nan,nan,broi,1.0,
cisl san lazzaro domanda pensione dott.ssa serra,2023-03-11 08:00:00+01:00,2023-03-11 09:00:00+01:00,nan,nan,broi,1.0,
